
create table employe (
        numero decimal (20) primary key,
        nom varchar (12) not null,
        prenom varchar (12) not null,
        adresse varchar (40),
        tel char (14),
        unique key (nom, prenom, tel) ) ;

insert into employe values
        (72515022,'Safin','Marat','61 rue Fermee, 78430 Louveciennes','01 06 70 38 90'),
        (09468262,'Dechy','Nathalie','6 Bd. Aristide Briand, 78870 Bailly','01 13 71 36 65'),
        (71532086,'Hewitt','Lleyton','25 rue de Jouques, 78870 Bailly','01 29 52 84 64'),
        (71542085,'Ferrer','David','6 Bd. Jean Jaures, 78310 Maurepas','01 03 71 38 64'),
        (71542080,'Hantuchova','Daniela','28 rue Buscaille, 78000 Versailles','01 10 70 09 57'),
        (71542081,'Hingis','Martina','3 rue Gaston de Saporta, 78870 Bailly','01 17 71 19 57'),
        (71542082,'Henin','Justine','1 cours Gambetta, 78660 Ablis','01 20 71 11 93'),
        (71542083,'Mathieu','Paul-Henri','63 rue de l''Opera, 78000 Versailles','01 32 43 06 65'),
        (71542084,'Rochus','Olivier','40 rue Marcel Guillaume, 78870 Bailly','01 33 71 22 90'),
        (71532085,'Williams','Venus','5 rue de l''Annonciade, 78310 Maurepas','01 52 53 35 74'),
        (71542146,'Monfils','Gael','33 rue Littera, 78240 Chambourcy','01 53 34 45 65'),
        (71542086,'Djokovic','Novak','35 Av. des Thermes, 78990 Elancourt','01 58 30 36 63'),
        (71542087,'Gasquet','Richard','22 rue Boulegon, 78300 Poissy','01 66 55 11 60'),
        (71542088,'Davenport','Lindsay','56 rue des Muletiers, 78660 Ablis','01 04 70 01 65'),
        (71542089,'Haas','Tommy','68 Av. Pasteur, 78000 Versailles','01 05 70 39 78'),
        (71542090,'Gicquel','Marc','67 rue de la Fontaine, 78300 Poissy','01 08 70 19 78'),
        (71542091,'Benneteau','Julien','32 rue Signoret, 78430 Louveciennes','01 09 70 24 85'),
        (71542092,'Pavel','Andrei','5 rue du Plan, 78300 Poissy','01 10 70 10 74'),
        (71542093,'Schnyder','Patty','50 rue Villars, 78130 Les Mureaux','01 15 71 25 67'),
        (71542094,'Pennetta','Flavia','48 rue de l''Ecole, 78120 Rambouillet','01 18 60 41 33'),
        (71542095,'Berdych','Tomas','29 rue Lieutaud, 78430 Louveciennes','01 23 71 09 99'),
        (71542096,'Cornet','Alize','24 rue des Bremondis, 78000 Versailles','01 25 71 11 66'),
        (71542097,'Sugiyama','Ai','34 rue des Carmes, 78000 Versailles','01 38 62 11 31'),
        (71542098,'Canas','Guillermo','51 rue Villevieille, 78120 Rambouillet','01 38 71 12 60'),
        (71542099,'Clement','Arnaud','10 rue Granet, 78000 Versailles','01 61 47 28 67'),
        (71542100,'Molik','Alicia','18 rue d''Italie, 78870 Bailly','01 67 36 09 91'),
        (71542101,'Williams','Serena','27 rue Boueno Carriero, 78310 Maurepas','01 89 53 35 89'),
        (71542102,'Grosjean','Sebastien','57 Av. Napoleon Bonaparte, 78190 Trappes','01 25 60 00 87'),
        (91542102,'Mauresmo','Amelie','39 cours de la Trinite, 78000 Versailles','01 22 47 75 89'),
        (71542103,'Nadal','Rafael','18 place Bellegarde, 78990 Elancourt','01 29 71 13 76') ;

insert into employe values
        (71542104,'Dementieva','Elena','52 rue de la Molle, 78240 Chambourcy','01 29 72 72 48'),
        (71542105,'Federer','Roger','70 rue Paul Doumer, 78310 Maurepas','01 39 71 39 66'),
        (71542106,'Nalbandian','David','46 Rue Courteissade, 78310 Maurepas','01 94 53 22 54'),
        (71542112,'Zvonareva','Vera','11 place des Augustins, 78300 Poissy','01 08 71 38 93'),
        (71542113,'Stepanek','Radek','33 rue Cardinale, 78000 Versailles','01 11 71 87 71'),
        (71542114,'Andreev','Igor','2 rue Pierre et Marie Curie, 78530 Buc','01 17 71 77 33'),
        (71542115,'Moya','Carlos','21 rue Roux Alpheran, 78990 Elancourt','01 34 71 09 56'),
        (71542107,'Dulko','Gisela','22 rue des chapeliers, 78112 Fourqueux','01 69 73 18 64'),
        (71542108,'Golovin','Tatiana','8 place des Precheurs, 78300 Poissy','01 70 73 51 79'),
        (71542109,'Ivanovic','Ana','4 rue Gianotti, 78240 Chambourcy','01 71 47 11 89'),
        (71542111,'Murray','Andy','6 rue de la Glaciere, 78280 Guyancourt','01 80 54 56 25'),
        (61542116,'Santoro','Fabrice','52 rue des Epinaux, 78310 Maurepas','01 93 70 51 41'),
        (71542110,'Kuznetsova','Svetlana','12 rue du Griffon, 78300 Poissy','01 99 70 13 51'),
        (61542752,'Kremer','Anne','15 rue Baratanque, 78130 Les Mureaux','01 17 37 09 65'),
        (61542756,'Vaidisova','Nicole','69 rue Paul Bert, 78870 Bailly','01 32 70 13 51'),
        (61542755,'Lopez','Feliciano','39 rue Chastel, 78190 Trappes','01 39 71 19 90'),
        (61542753,'Ancic','Mario','47 rue des Menudieres, 78870 Bailly','01 54 53 00 90'),
        (61542489,'Ljubicic','Ivan','9 rue Goyrand, 78120 Rambouillet','01 64 73 66 30'),
        (61542268,'Harkleroad','Ashley','64 rue Finsonius, 78000 Versailles','01 66 43 02 49'),
        (61542260,'Baghdatis','Marcos','58 rue Fauchier, 78990 Elancourt','01 80 43 39 73'),
        (61542261,'Simon','Gilles','42 rue des Marseillais, 78190 Trappes','01 82 53 18 73'),
        (61542262,'Bartoli','Marion','8 rue Gontard, 78112 Fourqueux','01 89 53 56 26'),
        (61542263,'Roddick','Andy','62 rue Fernand Dol, 78530 Buc','01 91 53 36 33'),
        (61542032,'Serra','Florent','50 place Miollis, 78300 Poissy','01 92 71 13 64'),
        (61542030,'Razzano','Virginie','29 cours Saint Louis, 78660 Ablis','01 96 37 14 82'),
        (61542033,'Blake','James','33 rue Suffren, 78310 Maurepas','01 98 53 39 89'),
        (61542034,'Mayer','Florian','54 rue de Montigny, 78000 Versailles','01 99 61 09 68'),
        (58642030,'Bjorkman','Jonas','59 rue du Felibre Gault, 78310 Maurepas','01 91 74 00 55'),
        (58642029,'Parmentier','Pauline','4 place des Tanneurs, 78130 Les Mureaux','01 80 53 13 30'),
        (58642028,'Spadea','Vincent','32 place des Cardeurs, 78000 Versailles','01 55 54 51 79') ;

create table docteur (
        numero decimal (20) primary key,
        specialite enum ('Anesthesiste',
                         'Cardiologue',
                         'Generaliste',
                         'Orthopediste',
                         'Pneumologue',
                         'Radiologue',
                         'Traumatologue') default 'Generaliste' not null,
        foreign key (numero) references employe (numero) on delete cascade on update cascade ) ;

insert into docteur values
        (72515022,'Traumatologue'),
        (09468262,'Pneumologue'),
        (71532086,'Cardiologue'),
        (71542085,'Cardiologue'),
        (71542080,'Orthopediste'),
        (71542081,'Traumatologue'),
        (71542082,'Radiologue'),
        (71542083,'Anesthesiste'),
        (71542084,'Cardiologue'),
        (71532085,'Pneumologue'),
        (71542146,'Traumatologue'),
        (71542086,'Radiologue'),
        (71542087,'Anesthesiste'),
        (71542102,'Cardiologue'),
        (91542102,'Pneumologue'),
        (71542103,'Orthopediste') ;

insert into docteur values
        (71542112,'Orthopediste'),
        (71542113,'Anesthesiste'),
        (71542114,'Pneumologue'),
        (71542104,'Orthopediste'),
        (71542115,'Radiologue'),
        (71542105,'Anesthesiste'),
        (71542107,'Cardiologue'),
        (71542108,'Traumatologue'),
        (71542109,'Radiologue'),
        (71542111,'Cardiologue'),
        (61542116,'Anesthesiste'),
        (71542106,'Cardiologue'),
        (71542110,'Traumatologue'),
        (58642030,'Cardiologue'),
        (58642029,'Pneumologue'),
        (58642028,'Orthopediste') ;

create table service (
        code char (3) primary key,
        nom varchar (30) not null unique key,
        batiment char (1) not null,
        directeur decimal (20),
        foreign key (directeur) references docteur (numero) on delete set null on update cascade ) ;

insert into service values
        ('REA','Reanimation et Traumatologie','A',71542104),
        ('CHG','Chirurgie generale','A',58642028),
        ('CAR','Cardiologie','B',71542110) ;

create table infirmier (
        numero decimal (20) primary key,
        code_service char (3),
        rotation enum ('JOUR', 'NUIT') not null default 'JOUR',
        salaire decimal (6,2),
        foreign key (numero) references employe (numero) on delete cascade on update cascade,
        foreign key (code_service) references service (code) on delete set null on update cascade ) ;

insert into infirmier values
        (71542088,'REA','JOUR',1256.78),
        (71542089,'CHG','JOUR',1178.48),
        (71542090,'REA','JOUR',1498.21),
        (71542091,'CAR','JOUR',1574.25),
        (71542092,'CHG','JOUR',1358.45),
        (71542093,'CAR','JOUR',1465.25),
        (71542094,'CHG','JOUR',1765.21),
        (71542095,'CAR','NUIT',1335.86),
        (71542096,'REA','NUIT',1473.29),
        (71542097,'CAR','NUIT',1947.61),
        (71542098,'CHG','NUIT',1184.26),
        (71542099,'REA','NUIT',1267.38),
        (71542100,'CHG','NUIT',2034.82),
        (71542101,'CHG','NUIT',1381.29) ;

insert into infirmier values
        (61542752,'REA','JOUR',1256.78),
        (61542756,'CHG','JOUR',1178.48),
        (61542755,'CAR','JOUR',1498.21),
        (61542753,'REA','JOUR',1574.25),
        (61542489,'CHG','JOUR',1358.45),
        (61542268,'CAR','JOUR',1465.25),
        (61542260,'CHG','JOUR',1765.21),
        (61542261,'CHG','NUIT',1335.86),
        (61542262,'CAR','NUIT',1473.29),
        (61542263,'CAR','NUIT',1947.61),
        (61542032,'CHG','NUIT',1184.26),
        (61542030,'REA','NUIT',1267.38),
        (61542033,'CHG','NUIT',2034.82),
        (61542034,'CHG','NUIT',1381.29) ;

create table chambre (
        code_service char (3),
        no_chambre decimal (3),
        primary key (code_service, no_chambre),
        surveillant decimal (20),
        nb_lits decimal (2),
        foreign key (code_service) references service (code) on delete cascade on update cascade,
        foreign key (surveillant) references infirmier (numero) on delete set null on update cascade ) ;

insert into chambre values
        ('REA',101,71542088,1),
        ('REA',102,71542088,1),
        ('REA',103,71542090,2),
        ('REA',104,71542090,2),
        ('CHG',201,71542092,2),
        ('CHG',202,71542092,1),
        ('CHG',301,71542094,2),
        ('CHG',302,71542094,2),
        ('CHG',303,71542094,1),
        ('CAR',101,71542097,3),
        ('CAR',102,71542097,2),
        ('CAR',103,71542097,1) ;

insert into chambre values
        ('REA',105,61542752,1),
        ('REA',106,61542752,1),
        ('REA',107,61542752,2),
        ('REA',108,61542753,2),
        ('CHG',401,61542755,1),
        ('CHG',402,61542489,2),
        ('CHG',403,61542260,2),
        ('CHG',404,61542260,2),
        ('CHG',405,61542260,1),
        ('CAR',104,61542263,3),
        ('CAR',105,61542263,2),
        ('CAR',106,61542263,1) ;

create table malade (
        numero decimal (20) primary key,
        nom varchar (12) not null,
        prenom varchar (12) not null,
        adresse varchar (40),
        tel char (14),
        mutuelle varchar (6),
        unique key (nom, prenom, tel) ) ;

insert into malade values
        (27152444,'Querrey','Sam','43 rue Vauvenargues, 78000 Versailles','01 52 53 23 82','MNAM'),
        (37292327,'Paszek','Tamira','66 impasse du Paradis, 78300 Poissy','01 89 61 09 67','LMDE'),
        (37292326,'Osterloh','Lilia','43 rue de la Masse, 78310 Maurepas','01 66 55 77 29','MNH'),
        (37292325,'Gallovits','Edina','9 rue du Puits Juif, 78130 Les Mureaux','01 17 73 13 69','MAAF'),
        (37292324,'Rodionova','Anastasia','50 Bd. Emile Zola, 78240 Chambourcy','01 95 53 20 73','MGEN'),
        (37292323,'Sela','Dudi','6 Bd. des Poilus, 78630 Orgeval','01 04 71 42 63','MMA'),
        (37292322,'Bammer','Sybille','35 rue Loubon, 78990 Elancourt','01 96 37 35 60','CNAMTS'),
        (27152359,'Volandri','Filippo','25 rue des Bretons, 78430 Louveciennes','01 81 62 11 89','CCVRP'),
        (27152358,'Ventura','Santiago','46 place de Verdun, 78990 Elancourt','01 91 61 35 69','MNFTC'),
        (27152357,'Horna','Luis','38 place des Chapeliers, 78530 Buc','01 66 55 11 67','MAS'),
        (27152356,'Almagro','Nicolas','22 place Jeanne d''Arc, 78770 Auteuil','01 29 70 14 85','AG2R'),
        (27152440,'Zabaleta','Mariano','10 rue Aude, 78630 Orgeval','01 77 58 10 55','MGSP'),
        (27152441,'Poutchek','Tatiana','34 rue Loubet, 78000 Versailles','01 48 71 72 65','MNAM'),
        (27152442,'Fish','Mardy','63 place Ferreol, 78310 Maurepas','01 21 47 03 27','LMDE'),
        (27152443,'Cilic','Marin','26 Av. Jules Isaac, 78000 Versailles','01 07 72 15 93','MNH'),
        (27152445,'Hanescu','Victor','12 rue Vieille, 78000 Versailles','01 04 70 13 38','MAAF'),
        (27152446,'Falla','Alejandro','37 rue Tournefort, 78310 Maurepas','01 55 54 12 55','MGEN'),
        (27152447,'Monaco','Juan','16 place Richelme, 78530 Buc','01 27 37 25 94','MMA'),
        (27152448,'Hernandez','Oscar','2 rue Ganay, 78770 Auteuil','01 96 53 11 31','CNAMTS'),
        (27152449,'Gonzalez','Fernando','20 Bd. du Roi Rene, 78120 Rambouillet','01 18 71 36 73','CCVRP'),
        (27152450,'Peer','Shahar','41 place de L''Universite, 78300 Poissy','01 42 62 79 73','MNFTC'),
        (27152480,'Craybas','Jill','49 rue Victor Leydet, 78000 Versailles','01 13 71 28 05','MAS'),
        (27152481,'Cibulkova','Dominika','42 rue Clovis Hugues, 78000 Versailles','01 54 53 79 30','AG2R'),
        (27152482,'Errani','Sara','53 rue Monclar, 78430 Louveciennes','01 92 61 05 20','MGSP'),
        (27152483,'Sequera','Milagros','8 rue d''Arpille, 78300 Poissy','01 92 31 76 31','MNAM'),
        (27152484,'Tipsarevic','Janko','20 rue Jaubert, 78660 Ablis','01 23 47 77 96','LMDE'),
        (27152485,'Peng','Shuai','70 place Forbin, 78120 Rambouillet','01 66 43 42 66','MNH'),
        (27152486,'Capdeville','Paul','41 rue Clemenceau, 78120 Rambouillet','01 20 72 05 93','MAAF'),
        (42152487,'Gulbis','Ernests','46 rue Mejanes, 78000 Versailles','01 96 37 01 55','MGEN'),
        (42152488,'Govortsova','Olga','3 place Ganay, 78120 Rambouillet','01 77 58 44 41','MMA'),
        (42152489,'Obziler','Tzipora','19 Chemin Robert, 78310 Maurepas','01 35 71 31 74','CNAMTS'),
        (42162490,'Kanepi','Kaia','7 place d''Armenie, 78990 Elancourt','01 17 73 18 65','CCVRP'),
        (42162491,'Knapp','Karin','37 rue des Magnans, 78310 Maurepas','01 83 73 09 05','MNFTC'),
        (42162492,'Wozniacki','Caroline','64 cours d''Orbitelle, 78310 Maurepas','01 77 58 00 64','MAS'),
        (42162493,'Meusburger','Yvonne','13 rue des Guerriers, 78770 Auteuil','01 43 62 13 66','AG2R'),
        (42162494,'Brzezicki','Juan Pablo','17 Av. des Belges, 78300 Poissy','01 28 51 35 65','MGSP'),
        (42162495,'Massu','Nicolas','23 allee Rufinus, 78000 Versailles','01 28 70 11 63','MNAM'),
        (42162496,'Verdasco','Fernando','55 rue des Etuves, 78990 Elancourt','01 64 47 37 26','LMDE'),
        (42162497,'Melzer','Jurgen','44 rue Matheron, 78660 Ablis','01 91 43 51 66','MNH'),
        (42162498,'Poutchkova','Olga','7 rue des Gondraux, 78000 Versailles','01 03 71 02 73','MAAF') ;

insert into malade values
        (42162499,'Mahut','Nicolas','67 Av. du Parc, 78000 Versailles','01 14 71 01 26','MNAM'),
        (42162500,'Davydenko','Nikolay','34 rue des Tanneurs, 78770 Auteuil','01 91 43 35 67','LMDE'),
        (42162501,'Tursunov','Dmitry','58 rue Nazareth, 78870 Bailly','01 15 45 22 98','MNH'),
        (42162502,'Azarenka','Victoria','48 rue Merindol, 78990 Elancourt','01 14 71 79 67','MAAF'),
        (42162503,'Muller','Martina','5 rue Gibelin, 78112 Fourqueux','01 16 71 12 54','MGEN'),
        (42162504,'Calleri','Agustin','21 rue du Bon Pasteur, 78300 Poissy','01 52 53 11 55','MMA'),
        (42162505,'Ascione','Thierry','31 cours Sextius, 78240 Chambourcy','01 57 31 38 89','CNAMTS'),
        (42162506,'Schiavone','Francesca','28 rue Saint Joseph, 78310 Maurepas','01 89 61 00 41','CCVRP'),
        (42162507,'Malek','Tatjana','13 place Ramus, 78000 Versailles','01 81 53 12 57','MNFTC'),
        (42162508,'Eschauer','Werner','36 rue Thiers, 78430 Louveciennes','01 23 47 11 54','MAS'),
        (42162509,'Vesnina','Elena','51 cours Mirabeau, 78112 Fourqueux','01 94 70 38 67','AG2R'),
        (42162510,'Russell','Michael','31 rue du Cancel, 78112 Fourqueux','01 14 71 09 56','MGSP'),
        (42162511,'Srebotnik','Katarina','45 rue Venel, 78000 Versailles','01 35 71 87 41','MNAM'),
        (42162512,'Jankovic','Jelena','13 rue de l''Aumonerie, 78990 Elancourt','01 45 28 36 86','LMDE'),
        (42162513,'Berlocq','Carlos','49 rue Mignet, 78310 Maurepas','01 48 71 38 67','MNH'),
        (42162514,'Morigami','Akiko','14 Av. Giuseppe Verdi, 78990 Elancourt','01 28 47 97 93','MAAF'),
        (42162515,'Dushevina','Vera','11 Av. Grassi, 78280 Guyancourt','01 44 39 39 68','MGEN'),
        (42162516,'Mirza','Sania','37 rue Chabrier, 78870 Bailly','01 18 71 19 26','MMA'),
        (42162517,'Ditty','Julie','71 rue Pavillon, 78990 Elancourt','01 25 71 23 10','CNAMTS'),
        (42162518,'Dellacqua','Casey','38 Av. Malherbe, 78530 Buc','01 96 37 79 10','CCVRP'),
        (42162519,'Acasuso','Jose','16 rue Bedarrides, 78660 Ablis','01 01 70 79 73','MNFTC'),
        (42162520,'Youzhny','Mikhail','48 Av. Victor Hugo, 78130 Les Mureaux','01 72 59 02 57','MAS'),
        (42162521,'Seppi','Andreas','62 rue du Onze Novembre, 78300 Poissy','01 14 71 00 77','AG2R'),
        (42162522,'Shvedova','Yaroslava','60 rue des Nobles, 78120 Rambouillet','01 21 47 10 64','MGSP'),
        (42162523,'Vakulenko','Julia','19 Av. Benjamin Abram, 78530 Buc','01 19 71 12 10','MNAM'),
        (42162524,'Krajicek','Michaella','25 rue Saint Henri, 78310 Maurepas','01 25 71 10 92','LMDE'),
        (42162525,'Nakamura','Aiko','45 rue Mazarine, 78430 Louveciennes','01 08 70 56 87','MNH'),
        (42162526,'Santangelo','Mara','15 impasse Reynaud, 78310 Maurepas','01 03 70 01 25','MAAF'),
        (42162527,'Bondarenko','Kateryna','36 rue Celony, 78630 Orgeval','01 95 70 00 05','MGEN'),
        (42162528,'Pashanski','Boris','30 rue Campra, 78630 Orgeval','01 15 35 71 91','MMA'),
        (42162529,'Karlovic','Ivo','17 rue Rifle Rafle, 78112 Fourqueux','01 55 52 37 64','CNAMTS'),
        (42162530,'Dancevic','Frank','27 rue de Lacepede, 78000 Versailles','01 54 53 76 92','CCVRP'),
        (42162531,'Robredo','Tommy','49 rue Emeric David, 78870 Bailly','01 94 70 00 05','MNFTC'),
        (42162532,'Petrova','Nadia','30 rue Sallier, 78000 Versailles','01 28 51 33 93','MAS'),
        (42162533,'Bondarenko','Alona','72 rue Peyresc, 78130 Les Mureaux','01 71 47 72 26','AG2R'),
        (42162534,'Garbin','Tathiana','66 rue de la Fonderie, 78630 Orgeval','01 17 37 13 54','MGSP'),
        (42162535,'Vanek','Jiri','14 rue des Bagniers, 78240 Chambourcy','01 51 52 38 93','MNAM'),
        (42162536,'Petkovic','Andrea','18 rue Riquier, 78190 Trappes','01 55 52 39 65','LMDE'),
        (42162537,'Chan','Yung-Jan','65 rue Papassaudi, 78190 Trappes','01 82 53 39 63','MNH'),
        (42162538,'Luczak','Peter','39 rue Manuel, 78000 Versailles','01 96 37 48 73','MAAF') ;

create table hospitalisation (
        no_malade decimal (20) primary key,
        code_service char (3) not null,
        no_chambre decimal (3) not null,
        lit decimal (2),
        unique key (code_service, no_chambre, lit),
        foreign key (no_malade) references malade (numero) on delete cascade on update cascade,
        foreign key (code_service) references service (code) on delete cascade on update cascade,
        foreign key (code_service, no_chambre) references chambre (code_service, no_chambre) on delete cascade on update cascade ) ;

insert into hospitalisation values
        (27152444,'REA',101,1),
        (37292327,'REA',102,1),
        (37292326,'REA',103,1),
        (37292323,'REA',104,2),
        (27152359,'REA',105,1),
        (27152357,'REA',106,2),
        (27152356,'CHG',201,1),
        (27152440,'CHG',201,2),
        (27152441,'CHG',201,3),
        (27152443,'CHG',202,1),
        (27152445,'CHG',202,3),
        (27152446,'CHG',202,2),
        (27152447,'CHG',301,1),
        (27152449,'CHG',301,2),
        (27152480,'CHG',302,1),
        (27152481,'CHG',302,2),
        (27152482,'CHG',303,1),
        (27152483,'CAR',101,1),
        (27152485,'CAR',101,3),
        (27152486,'CAR',102,1),
        (42152488,'CAR',102,2),
        (42152489,'CAR',103,1) ;

insert into hospitalisation values
        (42162499,'REA',105,2),
        (42162501,'REA',107,1),
        (42162503,'REA',107,2),
        (42162505,'REA',108,1),
        (42162507,'CHG',401,1),
        (42162509,'CHG',401,4),
        (42162513,'CHG',402,1),
        (42162515,'CHG',402,2),
        (42162517,'CHG',402,3),
        (42162519,'CHG',403,1),
        (42162521,'CHG',403,2),
        (42162523,'CHG',404,2),
        (42162526,'CHG',405,1),
        (42162529,'CAR',104,1),
        (42162532,'CAR',104,3),
        (42162535,'CAR',105,2),
        (42162538,'CAR',106,1) ;

create table soigne (
        no_docteur decimal (20) not null,
        no_malade decimal (20) not null,
        primary key (no_docteur, no_malade),
        foreign key (no_docteur) references docteur (numero) on delete cascade on update cascade,
        foreign key (no_malade) references malade (numero) on delete cascade on update cascade ) ;

insert into soigne values
        (71542085,27152485),
        (71532086,27152486),
        (71542086,27152486),
        (71542146,42152488),
        (71532086,42152488),
        (71542083,42152488),
        (71542082,42152488),
        (71542084,42152489),
        (71542086,42152489),
        (09468262,27152481),
        (71532085,27152482),
        (71542084,27152483),
        (71542082,27152483),
        (71542087,27152483),
        (09468262,27152480),
        (72515022,27152444),
        (71542083,27152444),
        (71542081,37292327),
        (71542083,37292327),
        (71542086,37292327),
        (71542085,37292326),
        (71542083,37292326),
        (71542087,37292326),
        (09468262,37292326),
        (72515022,37292323),
        (71542087,37292323),
        (71542082,37292323),
        (71542081,27152359),
        (71542087,27152359),
        (71542085,27152357),
        (71542087,27152357),
        (71542086,27152357),
        (71532085,27152356),
        (71542084,27152440),
        (71532085,27152440),
        (71542086,27152440),
        (71542080,27152441),
        (71542083,27152441),
        (71542081,27152443),
        (71542083,27152443),
        (71542084,27152445),
        (71542083,27152445),
        (09468262,27152445),
        (72515022,27152446),
        (71542087,27152446),
        (71542084,27152447),
        (71542087,27152447),
        (71542080,27152449),
        (71542087,27152449),
        (09468262,27152449),
        (71542146,42152487),
        (71542084,42162490),
        (71542080,42162491),
        (71532085,42162492),
        (71542081,42162493),
        (71542085,42162494),
        (71542085,42162495),
        (71542084,42162496),
        (71542080,42162497),
        (71532085,42162498),
        (71542081,27152484),
        (71542146,37292325),
        (71542085,37292324),
        (71542084,37292322),
        (71542080,27152358),
        (71532085,27152442),
        (71542081,27152448),
        (71542085,27152450),
        (71542102,37292325),
        (91542102,37292322),
        (71542102,27152358),
        (71542102,27152442),
        (71542103,27152484),
        (71542103,42162494),
        (71542102,42162498),
        (71542103,37292325),
        (71542102,37292322),
        (71542103,27152450),
        (91542102,42162490),
        (91542102,42162492),
        (71542103,42162496) ;

insert into soigne values
        (71542112,42162515),
        (71542112,42162517),
        (71542113,42162499),
        (71542113,42162515),
        (71542113,42162532),
        (71542114,42162507),
        (71542114,42162517),
        (71542104,42162503),
        (71542104,42162505),
        (71542104,42162513),
        (71542104,42162523),
        (71542115,42162499),
        (71542108,42162505),
        (71542115,42162509),
        (71542115,42162513),
        (71542115,42162517),
        (71542115,42162532),
        (71542105,42162503),
        (71542105,42162509),
        (71542105,42162529),
        (71542107,42162535),
        (71542107,42162538),
        (71542108,42162501),
        (71542108,42162517),
        (71542109,42162503),
        (71542109,42162507),
        (71542109,42162515),
        (71542109,42162521),
        (71542109,42162523),
        (71542109,42162538),
        (71542111,42162509),
        (71542111,42162519),
        (71542111,42162515),
        (71542111,42162526),
        (61542116,42162501),
        (61542116,42162505),
        (61542116,42162521),
        (61542116,42162538),
        (71542106,42162499),
        (71542106,42162501),
        (71542106,42162529),
        (71542106,42162532),
        (71542110,42162503),
        (71542110,42162505),
        (71542110,42162523),
        (71542107,42162500),
        (71542108,42162502),
        (71542115,42162502),
        (58642030,42162504),
        (58642029,42162506),
        (71542109,42162506),
        (58642030,42162506),
        (58642028,42162508),
        (71542107,42162510),
        (71542108,42162511),
        (58642028,42162511),
        (58642030,42162512),
        (58642029,42162514),
        (58642028,42162516),
        (71542115,42162516),
        (71542107,42162518),
        (71542108,42162520),
        (71542109,42162520),
        (58642030,42162522),
        (58642029,42162524),
        (58642028,42162524),
        (58642028,42162525),
        (71542107,42162527),
        (71542108,42162528),
        (58642029,42162528),
        (58642030,42162530),
        (58642029,42162531),
        (71542109,42162531),
        (58642028,42162533),
        (71542109,42162533),
        (71542108,42162533),
        (71542107,42162534),
        (71542108,42162536),
        (58642030,42162537),
        (71542107,42162529),
        (71542110,42162529),
        (71542111,42162523) ;

